"구분","1h","2h","3h","4h","5h","6h","7h","8h","9h","10h","11h","12h","13h","14h","15h","16h","17h","18h","19h","20h","21h","22h","23h","24h","최소","최대","평균"
"20220101","160.07","160.07","160.07","124.73","103.55","130.44","119.99","103.59","92.69","90.62","88.17","87.44","87.39","87.39","87.41","90.98","137.66","154.89","155.63","155.76","156.04","155.29","156.31","156.31","87.39","160.07","126.81"
"20220102","147.47","93.03","91.4","87.96","89.39","92.05","94.36","94.64","93.03","89.67","89.69","89.69","89.42","88.78","88.15","93.03","150.1","156.04","156.17","156.17","156.17","155.09","155.2","155.52","87.96","156.17","116.43"
"20220103","124","122.79","88.64","88.64","122.69","90.47","162.82","162.82","166.28","166.28","162.82","162.82","162.82","168.95","168.95","170.88","172.74","171.48","171.27","169.68","162.82","162.82","162.82","162.82","88.64","172.74","154.25"
"20220104","156.58","161.69","156.58","156.58","156.58","156.58","156.58","165.03","165.56","196.49","166.72","166.72","161.39","166.72","166.72","166.72","166.72","162.73","162.65","161","160.72","157.28","156.26","161.21","156.26","196.49","163.53"
"20220105","156.58","156.58","156.58","156.58","156.58","160.05","160.27","165.35","165.83","166.88","166.88","166.86","161.63","166.88","166.87","166.87","166.87","162.76","162.26","161.09","158.79","157.37","156.58","161.21","156.58","166.88","162.22"
"20220106","161.69","156.58","156.58","156.58","161.69","161.69","157.49","162.7","165.43","166.24","176.71","162.25","158.93","162.24","164.45","164.97","164.97","164.97","162.95","161.98","161.21","161.21","156.45","161.21","156.45","176.71","162.41"
"20220107","157","154.64","150.14","153.26","153.26","161.26","156.52","161.86","170.88","170.88","170.75","170.62","161.64","164.75","167.55","167.54","172.47","170.91","171.09","167.68","161.21","157.92","156.27","161.21","150.14","172.47","163.59"
"20220108","154.97","155.06","143.96","123.75","123.75","123.75","156.77","155.68","164.6","164.31","155.72","113.74","87.65","87.65","87.65","123.52","113.74","157.09","157.22","157.22","147.43","113.74","156.34","156.42","87.65","164.6","137.7"
"20220109","154.01","124.89","104.11","92.33","103.15","124.66","125.75","135.55","135.55","100.53","108.94","87.37","87.37","87.37","124.65","92.33","153.54","158.24","164.95","164.95","164.95","164.95","164.95","164.95","87.37","164.95","130.27"
"20220110","111.95","121.32","88.65","88.65","121.21","90.83","155.94","163.19","165.97","165.97","162.72","162.89","159.01","167.58","170.13","167.58","173.03","173.02","167.04","167.04","159.93","157.49","157.2","161.21","88.65","173.03","152.16"
"20220111","160.27","160.27","152.3","150.69","152.3","160.27","160.27","165.44","196.61","166.08","165.22","161.98","158.43","162.32","167.38","167.38","170.62","170.62","170.75","170.75","160.87","160.27","156.91","160.27","150.69","196.61","164.27"
"20220112","157.43","155.24","161.69","151.36","154.24","159.87","159.87","170.16","173.63","173.63","170.46","164.32","161.18","170.75","170.52","170.75","170.75","170.75","170.88","161.3","161.24","158.56","158.67","161.69","151.36","173.63","164.74"
"20220113","161.6","160.7","161.69","151.59","154.62","155.9","164.4","167.34","174.83","174.83","167.33","168.47","161.03","161.79","169.06","168.56","170.73","170.73","170.73","170.73","162.05","160.2","157.64","161.69","151.59","174.83","165.03"
"20220114","161.63","154.73","161.69","154.73","161.69","156.24","164.69","171.35","172.26","172.26","170.3","167.29","160.97","161.65","165.48","168.36","171.04","171.04","171.23","171.23","161.66","161.24","159","161.69","154.73","172.26","165.15"
"20220115","161.8","161.8","161.8","161.8","155.23","161.07","161.8","165.34","164.9","159.83","158.41","157.95","153.7","153.7","154.9","160.14","160.69","165.69","165.94","161.18","161.3","158.39","157.4","157.46","153.7","165.94","160.2"
"20220116","155.18","153.21","143.06","113.64","122.8","153.98","157.64","158.53","158.46","150.43","122.93","91.85","87.37","87.37","122.6","121.07","158.7","159.16","159.24","159.24","159.24","157.91","157.91","159.4","87.37","159.4","141.49"
"20220117","154.31","149.71","89.71","88.6","91.82","145.69","173.83","165.29","174.43","174.43","170.77","167.41","162.23","172.25","172.29","170.75","174.41","170.75","170.88","165.4","162.23","162.23","162.23","162.23","88.6","174.43","158.99"
"20220118","161.69","161.69","155.53","155.52","156.09","156.09","170.65","170.65","171.87","171.28","168.71","168.74","158.59","161.35","163.32","167.43","167.44","167.45","167.46","165.37","162.17","160.34","157.11","161.69","155.52","171.87","164.01"
"20220119","158.26","158.59","161.47","155.61","158.4","161.69","162.92","166.1","171.7","171.62","171.34","170.8","161.05","161.94","168.17","167.02","168.85","168.93","167.45","167.46","161.69","160.82","158.3","161.69","155.61","171.7","164.61"
"20220120","158.39","156.58","160.01","156.58","161.69","156.58","162.51","167.63","173.63","173.63","167.31","167.74","159.36","162.15","163.36","168.41","168.41","168.41","168.41","167.48","162.34","161.69","159.09","161.69","156.58","173.63","164.25"
"20220121","159.56","161.69","161.69","153.27","161.69","156.17","162.81","165.08","178.55","165.22","165","163.09","158.74","161.94","167.1","167.1","167.1","167.1","163.26","163.27","162.42","161.69","157.63","161.69","153.27","178.55","163.3"
"20220122","157.24","156.71","156.71","156.71","155.47","156.47","156.47","160.98","160.42","160.07","160.01","158.39","155.47","155.47","155.47","156.45","159.08","159.36","159.55","158.3","155.4","155.19","154.7","155.39","154.7","160.98","157.35"
"20220123","155.2","155.2","155.2","155.2","155.2","147.8","153.05","153.05","152.82","122.8","122.74","111.28","89","89.61","122.56","114.84","153.55","157.37","157.37","157.37","157.37","157.35","157.37","157.37","89","157.37","142.76"
"20220124","121.23","109.56","91.76","88.91","121.18","120.58","160.21","162.33","170.08","170.08","170.05","162.83","159.42","167.71","167.71","167.71","167.71","167.19","167.19","167.19","161.26","158.95","157.28","161.69","88.91","170.08","153.57"
"20220125","160.35","156.15","156.33","155.8","155.82","160.27","171.43","173.2","173.49","173.49","168.68","172.15","161.88","162.18","168.55","168.55","168.55","168.55","167.64","167.08","161.72","161.06","159.76","161.69","155.8","173.49","165.15"
"20220126","156.59","156.58","156.58","156.58","156.58","156.58","167.5","169.27","173.47","171.75","169.08","170.79","161.16","162.16","162.16","167.57","167.58","167.58","167.59","165.62","161.61","161.01","159.85","159.85","156.58","173.47","163.91"
"20220127","156.62","156.58","156.58","156.58","156.58","156.58","157.4","165.28","171.96","171.04","171.04","170.91","161.33","163.14","165.6","167.53","167.54","167.54","167.55","162.75","161.02","161.69","156.59","161.69","156.58","171.96","163.43"
"20220128","156.58","156.58","156.58","156.58","160.27","158.4","161.03","163.52","165.28","164.03","163.07","163.07","156.58","156.98","157.43","159.79","161.74","161.74","161.78","161.72","160.78","157.82","157.79","163.57","156.58","165.28","160.25"
"20220129","163.33","158.26","157.07","155.69","153.94","159.98","158.18","160.38","158.18","158.17","157.06","121.83","87.65","87.65","121.65","112.15","152.32","154.56","159.5","159.5","159.47","155.57","159.48","160.06","87.65","163.33","148.19"
"20220130","168.1","161.27","104.2","103.55","103.51","104.49","125.39","104.18","104.38","88.25","87.37","87.37","87.37","87.37","87.37","87.9","124.45","154.92","159.1","159.1","158.9","145.67","159.73","160.27","87.37","168.1","122.92"
"20220131","120.38","103.42","90.18","90.18","90.18","91.07","91.07","90.91","90.18","87.64","84.06","81.14","76.27","76.27","78.98","84.06","90.18","91.07","103.03","109.29","103.03","103.03","121.61","142.02","76.27","142.02","96.4"
"20220201","113.93","106.73","92.66","91.53","91.53","93.51","93.51","93.51","92.85","88.31","80.92","78.62","7.84","76.32","78.62","87.21","89.37","91.42","124.14","124.14","124.14","122.02","141.99","141.99","7.84","141.99","99.08"
"20220202","121.07","94.03","92.03","92.03","92.03","92.03","92.72","92.72","92.13","91.94","91.94","90.53","88.98","88.98","90.53","91.94","123.78","194.6","204.33","199.44","198.7","197.79","200.14","200.84","88.98","204.33","129.14"
"20220203","204.98","107.91","92","92","92","104.69","118.39","205.56","210","210","209.21","206.45","194.83","201.59","202.25","207.04","208.44","214.26","212.18","207.44","214.26","200.88","201","206.83","92","214.26","184.82"
"20220204","200.48","200.27","200.34","198.23","206.83","199.71","206.86","207.44","219.56","213.91","210.3","209.36","203.05","206.18","213.91","213.91","207.91","213.91","213.91","207.35","206.83","206.04","203.79","206.83","198.23","219.56","207.73"
"20220205","204.38","199.88","196.57","197.35","195.75","199.75","201.16","205.15","206.98","201.02","205.15","205.37","111.55","118.55","175.86","190.07","205.15","202.52","205.15","206.98","205.15","198.04","205.15","205.15","111.55","206.98","194.12"
"20220206","197.82","186.05","115.63","108.81","107.98","121.87","195.07","197.35","197.35","119.13","115.33","106.93","91.53","91.53","105.78","106.05","183.29","202.52","202.76","202.88","203.12","198.4","198.48","201.36","91.53","203.12","159.05"
"20220207","205.01","118.11","113.47","173.11","172.18","205.01","199.66","207.16","214.53","214.45","211.03","211.03","206.15","214.45","211.03","213.57","214.45","214.45","214.45","207.97","206.39","203.94","201.01","205.01","113.47","214.53","200.6"
"20220208","202","203.24","202","199.22","204.11","205.81","206.28","213.59","213.54","213.54","213.54","211.65","205.89","211.03","211.65","211.65","213.81","211.65","211.11","211.65","206.98","205.38","204.41","206.83","199.22","213.81","208.69"
"20220209","199.81","204.11","195.63","194.24","203.74","205.01","207.63","210.01","216.16","216.16","207.89","209.11","199.87","209.47","206.17","207.45","209.81","209.89","209.11","208","206.22","206.11","201.22","206.22","194.24","216.16","206.56"
"20220210","199.93","205.01","199.71","199.58","199.69","205.01","207.6","207.81","214.14","211.22","211.15","210.77","203.07","206.16","214.14","214.14","214.14","214.14","208.66","208.4","208.4","209.34","204.7","206.83","199.58","214.14","207.97"
"20220211","204.61","205.72","202","195.79","206.83","201.67","207.33","207.42","211.57","214.64","210.1","210.82","203.63","210.82","210.82","210.82","214.49","210.82","209.38","211.91","209.75","210.05","201.53","214.49","195.79","214.64","208.48"
"20220212","197.69","201.03","191.55","184.46","184.39","197.66","196.53","204.86","214.64","205.05","205.07","186.66","94.36","176.06","172.91","194.18","201.03","204.62","206.36","202.83","202.78","195.74","195.6","206.98","94.36","214.64","193.23"
"20220213","201.24","185.99","116.48","115.31","115.31","122.79","123.33","123.33","122.66","104.31","108.44","91.53","91.53","91.53","91.53","91.53","117.49","199.34","206.44","199.81","200.34","205.24","198.74","203.31","91.53","206.44","145.4"
"20220214","205.01","114.12","105.19","92","108.23","118.36","197.12","207.05","210.01","214.92","214.92","208.05","206.17","207.57","214.92","211.04","214.92","214.92","211.04","208.44","205.36","205.01","200.12","205.01","92","214.92","191.69"
"20220215","200.47","197.64","204.61","195.68","205.22","204.23","205.24","207.85","213.15","213.15","210.72","211.54","205.75","208.54","212.03","212.03","212.03","212.03","211.04","211.04","211.04","206.83","203.73","206.83","195.68","213.15","208.01"
"20220216","202.89","205.84","199.04","199.05","199.07","207.45","206.09","212.34","222.02","222.02","215.11","215.1","205.47","210.84","210.84","214.78","216.1","216.1","216.19","213.46","207.45","207.02","204.91","207.45","199.04","222.02","210.38"
"20220217","207.45","207.45","200.04","200.06","206.96","207.45","206.78","210.5","219.29","219.29","219.29","219.02","219.02","219.02","219.02","219.02","219.02","219.02","216.9","218.62","210.24","206.45","205.33","207.45","200.04","219.29","213.11"
"20220218","205.32","203.03","200.52","200.6","200.72","207.45","207.45","218.98","221.38","221.38","218.39","219.4","210.09","219.05","219.05","218.56","222.16","220.74","216.13","216.2","206.39","207.45","205.23","207.45","200.52","222.16","212.84"
"20220219","205.15","205.15","205.37","199.49","199.05","205.15","205.69","205.81","207.6","205.7","206.98","205.44","196.88","202.61","202.61","206.98","205.1","206.98","205.16","205.29","204.61","204.5","204.5","207.6","196.88","207.6","204.61"
"20220220","205.24","201.73","205.24","196.48","197.61","199.32","207.68","205.24","202.64","186.05","119.65","112.15","91.65","114.12","120.35","204.95","197.24","207.68","205.98","205.24","205.24","202.54","202.79","205.24","91.65","207.68","185.12"
"20220221","207.45","203.28","196.91","195.8","197.89","199.71","207.45","219.11","220.26","220.26","220.26","220.08","215.45","218.32","218.47","219.19","219.19","219.19","219.48","219.03","219.03","215.45","215.45","215.45","195.8","220.26","214.38"
"20220222","211.48","211.48","211.48","211.48","211.48","211.48","215.85","219.7","221.15","221.15","219.61","221.09","211.48","218.68","218.68","218.68","219.11","219.11","219.42","219.29","218.3","211.48","211.48","211.48","211.48","221.15","216.31"
"20220223","207.45","205.54","207.45","204.56","207.45","207.45","219.37","220.4","221.27","220.91","219.61","220.22","209.84","209.84","209.84","217.98","217.98","218.22","219.94","215.82","209.94","206.71","205.88","206.73","204.56","221.27","213.28"
"20220224","207.45","207.45","204.36","204.35","204.36","207.18","210.58","218.94","218.94","217.6","217.6","217.29","205.39","210.56","210.56","214.5","216.9","216.9","216.9","216.9","215.32","208.81","206.35","209.25","204.35","218.94","212.16"
"20220225","208.5","208.5","207.23","207.23","207.23","211.04","211.04","218.72","222.18","218.7","218.68","216.99","206","206.62","220.22","214.54","216.36","216.36","216.36","216.36","210.84","207.13","206.32","209.58","206","222.18","212.86"
"20220226","202.67","202.67","199.38","199.38","199.38","206.57","206.44","206.31","206.19","204.01","203.99","199.37","196.43","199.37","199.35","200.09","205.07","205.23","205.48","205.74","204.61","204.73","203.67","205.18","196.43","206.57","203.01"
"20220227","200.83","199.14","198.28","197.29","197.46","201.77","201.83","201.83","201.71","198.07","186.69","115.16","102.7","104.83","109.09","186.85","197.32","200.36","204.39","204.68","204.98","205.13","205.13","205.42","102.7","205.42","186.09"
"20220228","221.21","203.95","200.26","199.95","200.74","202.01","211.37","218.47","219.42","219.42","218.89","218.94","211.65","218.96","216.98","218.99","219.84","219.95","220.78","221.03","216.22","214.41","209.7","209.74","199.95","221.21","214.55"
"20220301","191.4","187.04","185.41","184.82","185.41","189.09","191.71","192.91","192.98","192.73","192.94","192.69","185.32","185.32","185.03","185.32","190.66","192.55","192.59","192.64","192.68","191.72","191.72","191.72","184.82","192.98","189.96"
"20220302","187.2","184.7","184.7","184.7","184.7","185.19","195.64","197.44","204.04","204","211.95","197.14","188.44","190.24","190.24","195.66","195.8","195.8","196.05","195.81","196.05","192.79","192.79","194.12","184.7","211.95","193.98"
"20220303","190.11","190.11","187.07","187.14","196.38","197.07","199.93","199.95","199.95","202.22","197.36","197.34","186.57","191.35","191.35","195.71","197.87","199.54","199.87","198.47","201.59","198.28","193.18","193.18","186.57","202.22","195.72"
"20220304","190.23","187.68","187.68","187.75","187.75","189.88","191.2","196.03","200.18","199.59","198.67","198.4","198.4","198.4","199.52","199.52","199.81","200.39","199.45","199.65","197.76","192.76","192.15","193.69","187.68","200.39","195.65"
"20220305","196.07","192.44","193.79","189.1","189.69","195.26","195.26","195.26","194.67","187.22","185.13","183.14","180.98","180.84","184.12","185.32","190.38","194.02","195.21","195.22","195.23","193.41","195.21","195.25","180.84","196.07","191.24"
"20220306","196.5","189.46","189.16","188.01","188.86","189.39","189.39","189.39","187.44","186.04","184","182.89","182.44","182.42","182.44","185.17","186.43","193.89","193.89","193.89","193.89","191.63","191.63","192.15","182.42","196.5","188.98"
"20220307","185.35","182.29","182.28","182.21","182.28","182.88","191.43","197.95","201.84","201.79","197.58","201.78","190.93","194.83","194.83","197.36","198.25","198.25","198.25","198.2","192.96","191.3","189.07","190.89","182.21","201.84","193.43"
"20220308","190.62","185.28","184.84","184.84","184.84","188.88","197.91","197.76","197.61","197.2","202.22","197.57","184.8","184.8","188.81","203.33","194.13","194.5","194.5","194.5","194.51","192.24","190.83","190.85","184.8","203.33","192.68"
"20220309","187.08","184.71","184.71","184.71","184.71","187","187.11","187.98","187.94","187.91","187.89","187.87","181.02","181.02","180.89","181.98","203.43","192.41","193.03","193.07","193.11","189.86","189.76","189.56","180.89","203.43","188"
"20220310","184.04","182.53","182.5","182.47","182.86","187.23","188.46","193.49","195.25","195.25","194.51","202.41","188.16","189.31","192.28","192.8","195.95","195.95","195.95","195.95","194.67","191.61","191.61","191.61","182.47","202.41","191.52"
"20220311","185.34","183.05","182.88","182.74","183.27","187.91","195.78","195.89","196.16","194.35","194.34","194.24","182.62","186.45","186.45","189.11","193.99","194.01","193.99","193.58","193.6","190.76","190.22","190.24","182.62","196.16","190.3"
"20220312","198.78","197.63","189.11","188","187.44","188.73","190.79","190.72","192.27","191.67","191.27","185.3","185.24","183.11","186.1","188.37","189.91","189.9","191.78","192.01","192.01","190.84","191.44","192.19","183.11","198.78","190.27"
"20220313","197.33","197.33","197.33","185.37","190.04","190.04","189.91","189.91","185.08","182.45","182.13","176.54","145.02","145.02","176.93","182.53","184.59","187.43","188.53","188.66","188.66","188.93","188.93","189.07","145.02","197.33","184.55"
"20220314","181.07","145.44","109.17","109.17","109.17","180.44","183.38","196.76","198.57","198.01","194.59","196.86","188.93","189.91","189.91","195.93","195.93","197.64","198.31","198.31","198.31","190.25","190.25","190.25","109.17","198.57","182.98"
"20220315","185.13","182.75","182.69","181.49","182.75","183.42","194.28","196.26","197.12","196.39","193.91","195.27","186.02","186.05","189.14","189.14","193.11","193.43","193.48","193.48","193.48","189.56","188.79","188.86","181.49","197.12","190.16"
"20220316","185.46","184.92","182.56","182.58","182.58","183.22","190.7","192.82","198.18","197.27","196.54","196.92","186.57","190.3","190.28","193.57","193.57","193.57","193.62","193.29","192.17","190.79","187.79","186.62","182.56","198.18","190.55"
"20220317","188.09","185","184.99","184.95","185","190.03","192.91","194.85","194.98","194.97","202.46","193.73","186.02","187.62","189.98","189.96","194.22","194.31","194.39","194.48","194.25","192.63","191.28","190.91","184.95","202.46","191.58"
"20220318","187.26","186.53","182.46","182.46","182.46","183.31","186.33","190.41","196.5","196.5","211.08","196.5","193.04","195.18","195.25","195.2","195.18","192.69","192.7","192.2","190.4","189.44","188.71","188.97","182.46","211.08","191.76"
"20220319","193.97","190.84","186.74","186.74","188.77","188.79","192.71","194.71","195.39","195.39","195.39","194.47","192.55","192.55","190.81","192.53","192.56","195.6","196.42","196.47","193.73","196.56","190.76","190.85","186.74","196.56","192.81"
"20220320","186.65","183.06","183.06","180.21","183.06","183.06","185.62","185.62","185.45","183.04","185.62","185.62","183.05","183.03","182.97","183.14","187.51","192.59","194.79","194.79","193.29","193.67","191.35","188.71","180.21","194.79","186.92"
"20220321","197.36","184.76","182.02","182.02","186.42","187.88","187.88","196.28","198.53","207.76","203.35","203.34","197.94","203.7","203.7","203.7","204.99","204.99","205.27","204.99","196.38","195.8","195.8","193.23","182.02","207.76","197.97"
"20220322","189.4","187.99","185.1","185.32","185.32","195.77","195.78","199.7","199.7","199.68","196.37","194.71","187.21","191.06","191.7","198.35","198.54","198.54","198.92","198.52","198.19","198.34","193.15","192.89","185.1","199.7","194.49"
"20220323","189.88","187.96","185.96","186.1","187.7","191.19","195.61","202.38","256.88","207.94","200.3","200.28","196.02","197.52","197.52","198.9","199.41","199.41","200.28","200.28","195.84","193.92","193.18","193.18","185.96","256.88","198.92"
"20220324","189.42","188.06","187.3","187.3","197.33","197.11","197.11","196.67","200.98","200.98","200.84","200.87","186.86","191.05","191.76","192.99","197.85","197.85","198.08","198.52","197.37","194.69","193.35","193.71","186.86","200.98","195.14"
"20220325","190.58","188.71","188.55","186.57","188.48","189.19","191.45","198.81","198.36","198.21","197.91","196.59","196.15","199.97","199.39","201.06","201.06","201.06","201.1","196.95","196.29","193.35","193.09","192.52","186.57","201.1","195.56"
"20220326","193.03","191.21","190.75","189.28","189.92","192.36","194.17","194.7","195.16","195.16","195.16","194.5","188.53","192.37","193.02","192.99","192.97","193.98","194.81","194.81","194.81","194.17","194.17","194.17","188.53","195.16","193.23"
"20220327","190.02","187.55","185.92","186.06","186.06","186.19","185.92","185.65","185.19","184.97","184.41","183.96","183.94","183.94","183.84","185.59","186.55","192.73","192.83","192.83","192.83","193.87","194.38","193.87","183.84","194.38","188.08"
"20220328","190.75","186.64","184.69","184.66","184.73","186.34","189.21","198.86","197.92","197.92","197.92","196.47","195.17","196.77","196.77","203.69","208.53","203.71","202.46","201.1","197.66","196.27","194.45","194.42","184.66","208.53","195.98"
"20220329","189.99","188.61","188.56","187.28","197.57","188.68","198.24","197.8","199.03","198.47","198.09","197.87","192.31","197.01","197.01","197.01","198.11","198.11","198.33","198.55","197.01","197.01","193.13","197.57","187.28","199.03","195.68"
"20220330","190.73","187.92","185.67","185.79","185.79","190.28","191.34","192.73","197.39","197.2","197.01","197.01","196.26","199.4","199.4","199.4","199.4","198.17","198.17","198.39","197.01","194.55","192.84","192.73","185.67","199.4","194.75"
"20220331","190.65","195.22","185.18","185.19","197.57","188.41","191.29","199.93","199.93","199.64","199.06","197.81","195.22","196.58","196.58","196.58","197.64","197.84","197.84","198.01","198.58","196.54","193.07","193","185.18","199.93","195.59"
"20220401","200.51","198.54","196.82","196.83","199.54","205.6","207.17","207.17","207.17","207.16","207.06","206.35","198.94","203.75","204.58","205.86","209.02","209.02","209.03","209.03","208.5","205.83","205.83","205.83","196.82","209.03","205.03"
"20220402","203.78","200.2","198.8","198.49","198.5","200.3","201.89","205.77","207.49","207.4","207.49","205.36","200.14","199.91","199.91","199.91","199.91","208.4","209.89","209.89","208.91","208.12","206","208.83","198.49","209.89","204.13"
"20220403","200.05","197.99","199.27","196.69","199.27","196.69","199.27","196.69","193.54","193.34","198.67","193.09","140.85","192.79","197.06","198.67","198.67","200.37","203.06","203.06","203.71","203.06","203.19","203.71","140.85","203.71","196.78"
"20220404","204.93","198.88","194.42","194.42","198.88","199.9","202.88","205.22","207.86","206.6","215.93","207.61","199.3","201.49","202.81","204.12","211.56","211.56","212.68","212.68","212.68","212.61","206.02","206.02","194.42","215.93","205.98"
"20220405","200.8","198.88","198.88","196.45","198.88","210.55","210.55","209.84","209.37","206.72","206.42","207.1","199.47","202.64","203.19","204.11","206.82","207.7","208.56","208.56","208.57","208.57","205.05","204.19","196.45","210.55","205.26"
"20220406","200.43","197.97","196.69","196.69","198.88","205.2","205.2","206.15","207.22","206.97","207.18","206.27","200.04","201.69","203.35","204.55","206.74","207.86","208.63","208.63","208.64","208.65","205.18","204.21","196.69","208.65","204.52"
"20220407","201.62","197.86","198.88","197.01","197.01","198.53","202.72","206.58","206.89","206.77","206.68","206.68","202.55","205.86","205.86","206.19","208.61","208.61","210.16","210.16","210.18","209.77","205.87","205.03","197.01","210.18","205.12"
"20220408","201.58","198.88","197.39","197.39","197.39","205.11","209.99","209.24","210.22","205.76","205.73","207.14","194.23","197.34","201.35","203.84","206.65","208.77","208.8","283.48","208.8","207.74","206.41","206.41","194.23","283.48","208.03"
"20220409","209.63","204.38","202.91","202.3","201.72","202.91","202.91","202.91","200.7","199.49","199.49","195.88","186.11","195.34","197.05","198.22","201.04","204.34","208.09","208.09","208.09","207.4","206.95","206.84","186.11","209.63","202.43"
"20220410","202.06","201.02","198.67","198.8","198.8","204.06","204.06","204.06","203.85","124.06","122.79","115.57","110.15","110.15","110.76","123.07","193.07","199.57","204.22","204.57","204.57","204.57","204.57","204.57","110.15","204.57","180.6"
"20220411","197.93","190.73","142.68","142.68","194.61","210","210.31","210.96","211.6","204.9","208","209.39","194.1","195.89","195.89","202.36","206.71","210.95","211.75","211.75","211.75","208.35","205.07","204.21","142.68","211.75","200.96"
"20220412","200.89","200.11","194.9","194.9","194.9","199.93","202.21","205.36","206.07","206.05","206.01","206","200.72","203.44","202.55","203.43","205.07","207.05","207.94","207.94","206.55","204.97","203.52","202.2","194.9","207.94","203.29"
"20220413","198.34","194.78","194.72","194.65","194.71","195.05","197.64","201.55","205.53","205.53","205.53","205.51","201.56","205.57","206.11","206.47","206.47","206.47","206.49","206.49","204.99","204.23","203.01","201.78","194.65","206.49","202.61"
"20220414","196.75","194.52","194.48","194.48","194.46","194.77","200.62","202.51","206.88","206.81","206.78","206.69","205.9","208.59","210.24","210.21","210.24","210.24","210.25","210.11","205.99","205.13","203.18","203.2","194.46","210.25","204.44"
"20220415","201.83","196.91","194.8","194.45","194.7","194.76","200.94","205.1","204.73","203.05","203","202.95","200.38","202.89","205.48","205.49","206.56","206.58","206.6","206.61","205.01","203","202.21","203.06","194.45","206.61","202.38"
"20220416","206.01","215.19","200.99","200.67","199.52","209.98","209.98","207.67","206.07","198.55","198.55","198.55","153.53","197.78","197.55","197.66","202.21","204.22","206.99","207.51","207.46","206.31","206.34","205.86","153.53","215.19","202.32"
"20220417","202.57","199.4","196.9","196.9","196.9","196.9","196.9","196.63","193.61","132.87","128.54","125.47","119","126.35","128.46","185.47","196.39","205.1","205.16","205.16","205.16","209.45","206.75","202.03","119","209.45","183.52"
"20220418","196.88","188.17","184.43","183.35","188.69","208.39","209.23","210.14","212.31","205.96","205.33","205.55","196.53","198.8","201.22","203.41","210.64","210.64","212.05","297.56","212.05","206.56","206.56","204.45","183.35","297.56","208.08"
"20220419","197.82","197.94","194.61","194.82","195.16","203.23","203.29","206.48","206.42","204.57","206.42","199.09","194.56","199.7","202.24","204.66","211.2","211.2","212.2","212.2","208.2","204.75","203.71","203.75","194.56","212.2","203.63"
"20220420","199.97","196.9","196.9","196.82","196.91","203.14","205.78","205.54","205.35","204.92","204.51","197.03","185.02","194.79","201.4","202.97","210.88","210.88","211.1","211.3","211.9","212.1","207.32","205.55","185.02","212.1","203.74"
"20220421","197.82","198.18","195.12","195.29","195.29","205.57","206.61","205.92","206.59","205.06","204.57","198.41","194.49","198.41","201.75","203.08","206.27","208.29","208.29","208.3","208.3","206.1","205.87","203.89","194.49","208.3","203.09"
"20220422","200.4","194.86","194.63","194.63","194.63","194.96","200.91","206.44","206.6","206.58","206.58","203.74","201.2","203.69","204.66","206.26","207.54","207.57","207.58","207.01","206.29","203.77","202.25","202.27","194.63","207.58","203.05"
"20220423","201.07","199.89","199.89","199.97","199.97","203.9","203.9","203.76","203.88","195.45","197.95","197.95","193.07","195.45","195.5","199.33","202.27","204.04","207.12","207.16","207.2","206.87","206.53","206.53","193.07","207.2","201.74"
"20220424","198.41","198.54","198.66","198.66","198.66","198.66","198.16","194.97","186.25","125.22","126.99","124.17","119.13","119.18","126.89","136.08","196.02","196.9","200.08","201.15","201.15","201.15","201.15","200.08","119.13","201.15","178.63"
"20220425","203.28","203.28","188.32","188.43","188.49","195.94","201.31","204.58","208.31","208.3","207.72","203.6","198.49","198.5","198.5","202.53","211.58","211.58","212.78","212.78","208.46","206.81","204.31","202.94","188.32","212.78","203.58"
"20220426","215.59","195.21","195.21","194.2","195.12","194.9","202.13","207.4","207.62","207.62","207.62","206.84","204.88","207.21","207.21","207.21","211.01","211.01","211.01","211.01","207.22","205.84","203.94","201.83","194.2","215.59","205.38"
"20220427","201.08","194.94","194.87","195.21","195.39","202","201.5","203.17","203.19","203.19","203.19","202.16","195.42","202.16","201.67","202.55","206.65","207.08","207.11","207.11","206.43","205.6","209.44","206.47","194.87","209.44","202.66"
"20220428","195.4","195.4","195.39","195.09","195.44","195.78","203.5","203.01","202.51","202.13","199.86","198.63","195.32","198.63","199.99","202.63","207.44","206.93","207.69","207.72","206.93","205.73","202.92","202.09","195.09","207.72","201.39"
"20220429","202.42","194.75","193.42","193.42","193.42","194.79","195.22","204.07","207.13","208.02","208.01","206.56","201.02","204.74","205.87","206.12","206.67","206.67","206.69","206.7","204.77","202.17","198.25","198.49","193.42","208.02","202.45"
"20220430","201.56","198.55","198.18","198.18","198.43","200.76","200.76","200.4","200.05","198.55","194.45","198.55","192.58","195.65","199.72","200.01","200.15","204.59","204.6","204.63","204.65","203.41","203.59","203.57","192.58","204.65","200.34"
"20220501","135.43","135.22","135.22","135.32","135.41","135.61","135.22","134.63","134.26","124.38","123.94","112.88","111.71","112.88","125.5","134.32","136.01","138.92","141.5","142.37","142.4","142.4","142.32","140.65","111.71","142.4","133.68"
"20220502","135.72","132.73","131.12","131.12","131.12","136.01","135.12","140.62","140.68","140.68","140.68","138.97","138.1","139.86","140.93","141.91","145.93","145.93","146.62","146.62","142.81","141.48","139.91","139.91","131.12","146.62","139.89"
"20220503","138.39","135.4","134.71","134.88","134.96","139.17","138.67","142.31","143.33","142.58","142.2","136.17","134.61","136.17","136.17","139.28","143.03","142.48","145.61","145.75","146.02","146.16","141.02","139.62","134.61","146.16","140.19"
"20220504","138.54","135.95","136.03","136.03","136.2","136.2","142.96","142.04","146.93","146.5","145.77","139.18","135.83","139.13","140.52","141.47","145.25","145.57","145.57","145.64","145.92","146.06","146.33","140.61","135.83","146.93","141.94"
"20220505","138.09","137.43","136.91","136.48","137.37","137.37","136.14","135.33","134.52","134.32","137.37","135.21","121.56","137.08","135.76","137.96","138.06","139.95","143.3","143.3","143.24","143.27","143.05","142.07","121.56","143.3","137.97"
"20220506","138.74","136.35","135.66","133.72","133.96","138.57","138.18","139.39","139.05","137.94","137.69","135.98","131.47","136.05","136.05","138.87","142.29","142.81","143.15","143.15","143.15","142.33","140.72","141.33","131.47","143.15","138.8"
"20220507","142.13","141.74","141.25","140.79","142.54","143.08","143.08","143.04","140.98","139.03","138.19","138.16","136.29","137.4","138.48","141.34","142.05","144.63","145.84","145.84","145.85","145.85","144.54","144.54","136.29","145.85","142.04"
"20220508","142.83","138.17","136.95","137.05","134.83","136.24","136.24","136.24","134.19","131.61","136.24","133.16","130.49","134.05","134.05","136.4","136.65","140.79","141.97","142.79","142.87","142.87","142.32","141.34","130.49","142.87","137.77"
"20220509","135.97","132.58","131.04","128.83","131.04","135.64","137.27","140.85","139.47","136.96","136.83","147.8","136.62","147.8","140.17","140.91","142.39","145.58","145.59","145.59","145.59","141.73","141.59","140.97","128.83","147.8","139.96"
"20220510","137.42","137.52","137.71","134.94","135.03","135.33","140.25","140.25","140.25","140.22","138.97","135.89","130.9","135.89","135.89","136.78","142.23","143.01","142.9","143.25","143.31","142.44","141.33","139.81","130.9","143.31","139"
"20220511","137.45","135.72","135.89","135.89","135.97","135.97","139.33","142.74","142.73","142.71","142.3","140.52","137.73","140.52","140.82","141.92","145.6","145.6","145.6","145.6","142.93","142.02","142.03","140.86","135.72","145.6","140.99"
"20220512","136.53","135.18","135.18","135.18","135.18","137.17","138.43","141.63","142.01","142.82","142.67","142.59","140.49","144.85","145.44","149.21","149.21","149.21","149.21","148.39","146.25","145.5","141.34","140.78","135.18","149.21","142.64"
"20220513","136.37","136.4","135.68","135.68","135.76","135.76","136.75","139.42","143.26","143.15","143.02","142.91","140.26","144.26","145.79","145.79","145.79","145.8","145.8","144.77","144.16","140.86","139.65","140.86","135.68","145.8","141.48"
"20220514","140.38","140.38","136.29","138.66","136.74","136.68","136.74","136.74","136.74","134","136.74","134","132.25","135.06","136.74","137.38","138.59","140.7","142.26","143.27","143.34","142.92","143.44","142","132.25","143.44","138.59"
"20220515","137.36","137.45","135.5","133.49","136.24","136.24","136.24","133.94","113.83","111.14","113.83","106.61","105.61","111.14","113.83","134.27","136.23","138.78","141.61","142.38","142.37","142.38","142.38","139.57","105.61","142.38","131.16"
"20220516","135.64","130.38","127.76","124.78","130.09","134.23","137.57","141.82","142.21","142.21","141.5","139.93","138.33","144.15","144.15","144.64","147.06","147.06","148.12","148.12","146.82","144.84","141.33","140.97","124.78","148.12","140.87"
"20220517","137.39","136.22","136.39","136.39","136.39","136.39","139.76","142.55","142.59","142.56","142.37","140.05","138.04","140.48","140.59","144.38","147.08","147.08","147.26","147.47","148.11","145.65","145.82","145.48","136.22","148.11","142.23"
"20220518","138.51","136.75","136.85","136.85","136.85","138","142.18","142.43","143.34","142.68","143.28","142.78","138.11","140.51","141.72","145.31","149.34","149.63","149.63","149.64","149.65","148.24","141.75","141.37","136.75","149.65","143.06"
"20220519","138.71","136.38","136.58","136.68","136.68","136.77","139.87","142.36","142.1","142.06","141.76","140.5","138.08","140.48","141.27","144.23","150.63","150.72","150.75","150.79","149.65","147.82","144.11","141.28","136.38","150.79","142.87"
"20220520","136.56","136.45","136.45","136.54","136.54","137.41","138.34","138.34","140.94","140.91","140.9","140.88","138.05","140.87","141.91","142.48","145.09","145.09","145.09","145.09","145.1","141.64","140.65","140.66","136.45","145.1","140.72"
"20220521","140.64","140.64","137.32","137.32","142.33","142.33","142.33","142","135.32","130.92","135.32","135.32","132.56","136.75","138.25","140.67","142.18","145.91","146.18","146.32","146.46","145.26","145.26","142.44","130.92","146.46","140.63"
"20220522","138.86","136.9","136.9","133.56","133.75","133.94","133.75","126.81","113.3","102.67","106.84","100.22","99.78","101.2","104.47","112.94","122.67","135.56","141.89","142.56","142.93","142.79","142.9","139.95","99.78","142.93","127.62"
"20220523","133.09","111.79","111.79","111.12","111.79","131.87","134.87","135.99","137.05","137.05","137.05","137.03","133.75","138.44","140.66","141.46","146.02","146.87","146.89","146.89","146.89","142.91","141.7","140.85","111.12","146.89","136.4"
"20220524","137.15","135.19","133.79","133.79","133.91","135.02","135.56","138.35","138.56","138.41","138.29","138.14","137.98","140.55","140.92","141.85","146.02","146.49","146.85","147.48","147.74","148.33","145.36","145.07","133.79","148.33","140.86"
"20220525","136.5","136.79","135.1","133.75","133.98","135.07","138.51","137.92","138.61","138.42","138.27","138.11","137.93","140.81","140.81","142.08","146.44","146.44","146.44","146.44","145.08","142.97","140.72","139.37","133.75","146.44","140.19"
"20220526","136.88","135.34","132.87","132.87","133.11","134.61","135.34","138.33","138.65","138.27","138.1","137.93","137.55","139.13","140.86","140.91","142.97","143.06","143.14","143.16","142.73","141","139.31","137.98","132.87","143.16","138.79"
"20220527","133.12","133.14","135.06","129.46","129.46","133.72","134.44","135.82","136.43","138.47","139.15","138.64","136.19","139.1","139.55","141.2","143.09","146.48","146.48","146.62","146.9","141.19","139.45","139.77","129.46","146.9","138.86"
"20220528","139.53","140.71","136.04","136.04","136.5","136.5","136.5","136.5","136.5","133.44","136.5","136.5","126.95","136.38","136.5","136.79","139.64","143.34","143.64","143.67","143.7","143.72","143.52","141.99","126.95","143.72","138.59"
"20220529","137.39","137.2","137.2","133.89","132.24","132.47","132.45","122.1","114.08","110.71","113.09","107","105.88","110.62","112.73","116.56","137.66","142.17","142.42","142.42","142.42","141.89","141.39","140.15","105.88","142.42","129.68"
"20220530","136.1","130.06","111.83","110.48","111.83","133.23","134.54","136.3","139.37","139.37","139.37","137.85","137.79","139.37","140.29","142.01","146.35","146.35","147.14","147.14","147.14","141.25","140.36","139.47","110.48","147.14","137.64"
"20220531","136.01","135.44","135.44","132.67","132.88","134.77","140.23","139.81","140.04","139.07","138.94","136.82","147.14","138.57","138.51","140.3","142.55","142.56","142.56","142.57","141.92","140.47","139.06","136.84","132.67","147.14","139.16"
"20220601","128.46","128.46","127.49","127.49","128.46","128.46","128.46","128.46","127.31","126.65","126.64","125.17","123.74","129.37","129.21","129.37","130.59","133.75","133.93","133.92","133.9","133.71","131.98","131.26","123.74","133.93","129.58"
"20220602","127.52","127.62","122.06","117.47","117.47","118.3","126.66","129.03","129.9","129.58","129.4","129.37","128.53","130.5","131.37","132.54","134.17","134.17","134.18","134.2","133.66","132.97","129.84","129.9","117.47","134.2","129.24"
"20220603","129.53","126.58","126.12","120.6","120.6","123.31","129.5","129.22","131.19","131.04","130.88","129.21","125.11","129.18","130.4","132.28","135.53","135.53","135.53","135.53","135.4","133.42","131.36","131.2","120.6","135.53","130.32"
"20220604","128.26","128.34","128.42","128.5","128.5","127.04","128.11","124.92","127.72","127.72","127.72","119.93","119.78","127.84","127.84","127.84","128.87","128.87","132.21","132.29","132.38","132.44","130.52","128.64","119.78","132.44","128.21"
"20220605","126.67","126.67","114.36","113.08","113.08","113.08","113.61","114.64","113.12","113.08","115.51","115.14","114.98","115.14","115.14","119.31","125.57","126.66","129.5","130.25","131.19","130","130.1","128.18","113.08","131.19","120.68"
"20220606","124.54","115.71","113.3","112.19","112.19","113.3","113.3","121.22","123.63","123.63","123.63","123.37","121.57","121.42","121.31","125.7","126.93","130.41","131.32","131.32","131.48","131.54","131.54","131.57","112.19","131.57","123.63"
"20220607","113.6","111.61","111.61","109.31","109.31","111.61","111.89","128.67","131.24","131.24","129.28","128.64","127.04","129.4","130.64","132.42","132.42","132.42","132.43","132.43","132.43","131.28","130","128.64","109.31","132.43","125.99"
"20220608","126.1","122.42","120.22","120.3","120.37","122.85","127.3","127.3","129.38","129.5","130.82","130.81","129.04","131.88","133.44","133.44","133.44","133.56","133.64","132.99","131.88","129.5","129.32","128.12","120.22","133.64","129.07"
"20220609","126.23","122.31","117.89","117.47","117.47","118.45","127.19","127.47","128.89","128.66","128.58","128.42","128.42","129.3","130.75","132.46","133.51","133.51","133.52","133.53","133.55","131.38","129.42","128.68","117.47","133.55","128.23"
"20220610","126.08","122.42","118.56","118.56","117.47","123.21","126.83","130.82","128.7","128.7","128.69","128.69","128.59","130.2","131.99","131.99","134.21","134.23","134.39","134.59","133.41","132","130.87","130.87","117.47","134.59","129"
"20220611","127.62","128.11","125.99","124.3","125.94","124.48","126.95","126.79","124.24","120.03","119.92","119.85","119.74","122.23","125.2","126.47","127.58","133.26","133.26","133.26","133.26","130.28","130.21","128.21","119.74","133.26","126.7"
"20220612","120.62","114.84","117.4","114.84","114.41","114.91","114.41","110.49","106.02","101.17","106.02","105.5","105.93","107.88","109.18","115.88","122.55","128.38","130.26","130.58","130.58","130.58","130.59","127.09","101.17","130.59","117.88"
"20220613","112.01","110.86","109.56","109.56","109.56","109.58","114.14","128.27","131.36","131.2","131.2","131.01","130.94","132.56","137.56","137.71","138.36","138.36","138.9","138.9","133.1","131.91","129.26","128.62","109.56","138.9","128.28"
"20220614","131.27","126.7","122.27","121.87","122.27","127.73","127.73","131.28","131.45","132.6","132.58","132.56","132.06","136.54","139.14","139.14","139.15","139.15","138.51","136.55","132.61","130.89","129.2","128.46","121.87","139.15","132.26"
"20220615","126.37","126.31","120.29","120.33","120.33","125.89","127.42","131.15","131.29","132.68","136.44","136.43","132.18","136.43","137.46","138.17","138.29","138.29","138.55","136.43","132.3","131.24","128.51","127.97","120.29","138.55","131.89"
"20220616","126.2","122.38","118.04","117.47","117.47","122.87","126.79","131.2","129.75","130.89","130.87","130.86","129.44","132","133.57","133.57","133.57","133.69","133.81","133.06","132","131.15","129.64","128.25","117.47","133.81","129.15"
"20220617","129.19","122.49","120.62","120.66","120.66","120.66","126.88","127.87","130.2","130.67","130.67","130.66","129.51","132.64","133.11","137.18","138.44","138.44","138.44","138.45","134.98","132.2","137.32","137.91","120.62","138.45","131.37"
"20220618","128.89","124.82","120.25","117.78","116.53","116.53","116.53","115.21","114.31","112.41","115.21","112.41","108.49","115.21","115.64","125.27","126.69","128.9","129.91","129.93","131.14","131.22","131.22","131.3","108.49","131.3","121.85"
"20220619","118.03","116.27","114.39","114.99","113.87","114.8","112.25","106.48","103.58","101.63","106.02","106.02","106.48","110.4","115.75","116.02","126.21","134.18","134.51","134.51","134.71","130.71","130.72","130.34","101.63","134.71","118.97"
"20220620","117.47","111.82","109.36","108.16","108.16","111.82","123.71","132.02","132.5","132.5","132.5","132.49","129.48","132.2","132.2","137.74","137.74","137.74","137.75","135.39","132.36","129.68","128.85","128.6","108.16","137.75","128.52"
"20220621","129.16","122.72","122.63","117.58","117.58","118.46","126.94","128.4","131.5","132.4","132.96","132.94","132.34","137.59","139.95","140.49","140.49","140.49","140.76","139.92","136.44","131.61","130.01","129.85","117.58","140.76","132.26"
"20220622","126.51","125.74","125.42","117.49","117.49","122.97","126.64","131.13","130.57","130.84","132.25","132.23","132.22","136.83","137.8","138.12","139.8","139.93","139.93","140.2","138.52","133.48","131.18","131.13","117.49","140.2","132.34"
"20220623","126.52","122.75","117.47","117.47","117.47","123.44","126.53","129.85","132.52","136.64","136.75","136.75","136.48","137.98","137.98","137.79","137.99","137.99","137.99","137.99","136.33","132.61","130.09","130.09","117.47","137.99","132.35"
"20220624","128.61","128.61","122.8","122.82","122.82","122.82","125.44","130.4","130.7","132.09","132.09","132.09","130.78","132.73","136.49","136.77","140.78","140.98","140.78","140.78","139.88","136.98","137.98","138.48","122.8","140.98","133.33"
"20220625","128.84","128.84","128.84","125.28","125.5","125.5","125.5","125.28","126.01","126.01","127.77","127.36","127.22","127.54","127.6","131.49","131.57","132.36","133.01","133.03","133.08","133.13","127.9","127.27","125.28","133.13","128.7"
"20220626","124.73","117.1","114.62","110.7","109.42","109.42","110.7","106.78","105.74","105.74","108.09","109.42","110.78","114.69","114.85","116.52","128.76","138.75","138.74","138.79","139.44","133.52","133.13","128.76","105.74","139.44","120.87"
"20220627","117.53","110.98","107.31","106.14","106.33","110.98","118.13","126.89","132.16","136.63","136.63","136.54","136.08","136.63","138.59","139.95","143.13","143.13","143.16","143.16","139.45","136.49","130.8","129.01","106.14","143.16","131.55"
"20220628","125.85","122.45","116.74","115.11","115.95","118.02","126.79","131.28","132.06","136.26","138.24","139.68","132.59","138.58","138.24","139.68","139.82","139.82","139.82","139.82","136.26","132.05","129.06","128.67","115.11","139.82","132.41"
"20220629","129.05","126.29","124.15","122.85","120.56","123.61","130.15","130.15","134.33","137.24","139.55","139.55","138.31","139.55","140.54","140.54","142.9","142.92","142.92","142.92","137.15","132.38","130.27","130.07","120.56","142.92","135"
"20220630","129.37","129.37","122.97","117.47","117.47","126.75","130.1","130.13","136.95","137.43","140.29","139.03","136.47","139.03","139.16","139.16","139.16","139.03","137.58","137.58","136.34","132","130.1","130.1","117.47","140.29","133.8"
"20220701","149.22","149.22","140.3","125.36","125.88","140.13","149.22","149.55","153.44","156.46","157.07","157.01","154.11","157.01","162","162","162","162","156.97","156.46","154.12","152.51","152.21","152.4","125.36","162","152.5"
"20220702","150.09","146.2","137.73","130.66","129.44","129.44","138.59","147.37","147.88","148.16","148.69","148.69","148.12","149.23","150.85","151.81","151.86","156.33","156.47","156.47","156.47","154.76","152.92","149.03","129.44","156.47","147.91"
"20220703","143.23","130.93","126.41","122.71","121.27","122.71","121.27","124.15","129.91","130.81","139","144.17","144.09","145.51","146.77","146.77","148.84","152.17","154.48","154.48","154.48","154.48","152.52","152.48","121.27","154.48","141.18"
"20220704","127.2","121.53","118.7","118.29","118.7","121.53","127.2","148.13","152.51","156.5","163.1","163.1","155.76","162.82","162.82","162.82","162.95","162.95","163.44","163.44","156.5","155.76","155.76","155.76","118.29","163.44","151.04"
"20220705","151.6","151.6","142.19","137.65","135.38","151.32","146.19","150.49","152.44","154.07","158.88","162.57","155.73","162.46","164.05","164.05","164.32","164.81","164.81","165.29","160.81","154.75","153.55","153.64","135.38","165.29","156.15"
"20220706","150.17","150.17","144.94","139.16","149.94","148.25","150.17","153.26","154.09","160.68","161","162.32","159.74","163.12","164.78","165.85","165.86","165.86","165.87","164.71","161","155.97","153.07","153.26","139.16","165.87","157.8"
"20220707","149.6","149.6","149.5","139.32","149.31","139.32","148.41","152.58","153.96","160.95","160.78","161.28","160.72","164.43","168.09","168.09","173.31","173.31","173.34","173.34","162.42","160.34","153.96","152.86","139.32","173.34","159.55"
"20220708","149.16","149.16","149.16","139.06","149.01","148.15","149.16","152.61","153.93","160.92","161.79","161.61","160.74","161.5","162.16","164.3","165.31","165.31","165.31","165.31","164.33","160.57","153.44","152.7","139.06","165.31","157.83"
"20220709","147.75","147.27","133.63","133.63","133.63","133.63","133.63","145.77","148.25","151.17","151.08","150.8","150.8","151.39","151.38","155.43","156.99","157.25","157.26","157.26","157.26","154.97","150.43","148.47","133.63","157.26","148.97"
"20220710","131.77","124.57","124.57","123.13","118.36","118.36","118.36","118.36","118.36","123.13","134.06","131.77","131.77","131.77","134.75","146.53","149.31","152.29","152.71","161.64","161.43","154.98","155.04","145.02","118.36","161.64","137.54"
"20220711","127.4","122.85","118.6","118.29","118.6","122.85","127.1","149.63","152.99","160.51","161.57","161.57","160.46","161.93","164.39","164.39","165.27","165.27","165.62","165.62","161.57","157.94","156.23","156.23","118.29","165.62","152.56"
"20220712","149.85","149.71","149.7","139.42","149.56","144.69","148.5","152.52","154","160.79","162.1","161.99","155.6","161.99","163.7","163.7","163.7","163.85","163.85","161.32","161.03","154","152.52","152.71","139.42","163.85","156.69"
"20220713","151.61","148.57","139.49","137.21","134.94","147.91","148.57","152.16","153.29","156.04","161.96","161.96","154.7","161.96","161.96","162.07","162.07","162.07","162.07","161.98","156.01","153.26","152.38","151.88","134.94","162.07","154.93"
"20220714","151.73","142.61","140.67","135.79","135.79","151.54","149.42","152.31","153.85","156.58","161.11","161.11","161.11","161.11","162.31","162.31","162.6","162.6","162.6","162.6","158.6","153.86","152.45","152.4","135.79","162.6","155.43"
"20220715","143.63","133.78","126.06","126.06","121.85","124.64","135.65","148.66","151.21","154.44","155.26","155.26","154.32","156.35","163.15","163.13","163.16","163.14","163.03","163.21","156.59","153.48","153.27","153.36","121.85","163.21","150.88"
"20220716","145.98","129.65","130.27","125.63","122.75","125.63","128.5","130.23","138.59","147.21","148.76","148.76","148.6","148.76","148.74","149.36","151.43","152.97","152.97","152.97","152.97","152.43","150.49","147.64","122.75","152.97","143.68"
"20220717","132.57","128.12","124.97","123.79","122.35","122.35","122.35","122.35","125.23","123.79","131.53","131","134.22","134.22","139.04","146.8","150.51","150.51","150.51","151.26","151.37","151.59","151.59","139.16","122.35","151.59","136.86"
"20220718","127.21","122.29","119.98","118.56","118.56","122.81","127.4","153.11","155.67","158.92","161.58","161.58","155.67","161.58","162.39","162.84","163.54","163.53","162.46","162.46","158.92","155.67","155.67","155.67","118.56","163.54","151.31"
"20220719","149.39","149.39","138.04","126.02","135.77","138.04","149.39","152.61","152.72","155.12","155.11","155.11","154.08","156.46","160.53","160.53","163.24","163.24","163.42","163.6","156.51","153.47","152.89","152.99","126.02","163.6","153.4"
"20220720","142.58","133.66","128.78","120.54","123.38","126.92","135.37","152.83","151.18","154.14","154.14","154.14","154.14","156.38","161.59","161.58","165.96","161.88","163.6","159.04","156.46","153.54","152.83","152.83","120.54","165.96","150.6"
"20220721","148.53","148.53","139.45","137.18","137.18","148.53","147.87","152.83","153.23","156.18","156.58","156.52","155.47","161.45","161.45","162.73","162.73","162.73","162.73","161.35","156.62","153.42","152.83","152.93","137.18","162.73","154.59"
"20220722","142.73","133.98","127.52","123.33","121.85","126.93","135.42","152.77","152","153.85","153.85","153.77","151.5","154.6","162.33","162.33","162.53","162.53","162.54","162.54","156.15","153.51","152.68","152.77","121.85","162.54","150.41"
"20220723","145.91","137.67","130.89","130.89","125.4","125.4","128.28","128.28","130.89","138.6","145.46","145.35","145.35","146.46","146.46","148.97","149.45","150.17","150.33","150.34","150.34","150.34","148.33","143.88","125.4","150.34","141.87"
"20220724","131.92","126.16","123.28","120.32","118.29","118.29","118.29","118.6","123.28","123.28","129.04","131.92","131.92","131.92","131.92","145.17","146.64","150.33","151.22","151.33","151.54","151.65","148.52","138.21","118.29","151.65","134.86"
"20220725","127.24","122.5","118.74","118.29","118.29","121.58","129.88","148.15","153.45","157","157","156.79","156.23","160.32","162.11","162.11","162.11","162.11","157","156.79","156.23","156.23","156.23","156.23","118.29","162.11","149.66"
"20220726","143.2","150.01","138.65","122.1","120.73","138.65","144.56","153.36","153.35","156.51","156.45","156.45","154.7","156.56","160.86","161.42","162.66","162.66","162.66","162.66","156.8","153.44","153.08","153.36","120.73","162.66","152.75"
"20220727","149.79","142.86","140.7","125.59","120.59","125.93","149.79","149.79","151.23","153.29","154.89","154.88","154.61","160.84","163.2","163.27","162.69","163.49","163.49","163.67","164.03","155.32","153.49","153.58","120.59","164.03","153.19"
"20220728","150.96","150.96","150.9","134.91","150.67","141.72","148.54","153.22","153.32","156.32","156.3","156.27","155.06","159.88","162.68","162.75","162.89","162.95","162.95","163.09","160.73","156","152.94","153.22","134.91","163.09","155.75"
"20220729","151.16","151.16","139.91","135.37","150.87","139.91","149","151.16","153.45","153.97","154.89","154.89","153.23","155.23","159.95","160.31","162.32","162.32","162.32","162.32","161.07","154.89","153.55","153.65","135.37","162.32","154.38"
"20220730","153.44","147.95","145.53","134.14","134.14","134.74","134.74","138.96","147.73","148.61","151.19","151.1","151.1","151.42","151.42","155.34","155.35","157.62","157.25","157.97","157.66","157.28","151.07","148.87","134.14","157.97","149.55"
"20220731","133.2","130.47","123.27","121.83","117.92","117.92","123.27","121.83","127.21","130.47","131.92","133.29","133.09","144.3","146.85","148.59","149.9","158.09","157.87","158.2","158.28","155.51","152.44","146.98","117.92","158.28","139.88"
"20220801","174.83","163.76","139.29","134.84","134.84","139.63","163.08","201.97","210.49","216.98","216.98","216.98","216.98","216.98","216.98","216.98","217.12","217.12","217.16","217.16","216.98","216.98","216.98","216.98","134.84","217.16","200.2"
"20220802","168.43","163.05","139.41","139.07","139.05","139.92","139.92","175.7","206.18","209.11","209.11","209.11","209.11","209.11","209.11","211.48","211.48","213.4","213.42","213.44","213.44","209.26","206.18","202.24","139.05","213.44","193.19"
"20220803","174.83","167.78","140.02","134.89","134.84","139.46","162.85","217.09","217.09","217.09","217.09","217.09","217.09","217.09","217.09","217.09","218.3","218.32","218.33","218.39","218.19","217.09","217.09","217.09","134.84","218.39","201.4"
"20220804","182.94","168.93","162.35","139.06","134.84","140.68","165.64","203.01","211.64","212.53","214.29","214.21","214.21","216.87","222.55","222.55","225.13","225.33","225.36","225.36","225.36","214.44","211.64","288.75","134.84","288.75","206.39"
"20220805","201.92","173.78","141.16","139.75","139.38","140.76","173.78","205.94","214.25","215.21","216.94","216.86","216.35","216.78","223.49","223.49","223.49","223.55","222.14","222.15","216.98","213.17","211.67","206.89","139.38","223.55","203.37"
"20220806","204.35","169.76","166.29","139.53","138.85","134.69","139.42","163.18","174.05","203.68","207.11","207.16","207.15","207.15","207.15","207.15","207.11","209.25","210.49","211.19","211.34","211.49","211.49","193.77","134.69","211.49","191.37"
"20220807","147.84","139.48","142.35","134.26","134.26","134.26","135.37","139.75","139.49","140.49","148.83","162.81","158.43","178.33","186.33","191.96","194.97","210.22","210.23","210.36","210.37","208.54","207.68","180.31","134.26","210.37","171.59"
"20220808","165.2","140.37","134.9","133.9","134.9","139.65","165.2","204.24","217.23","217.23","217.23","217.2","215.55","217","222.55","225.97","225.97","231.64","225.72","225.33","225.33","215.78","211.59","208.17","133.9","231.64","203.08"
"20220809","201.62","173.89","161.68","140.21","139.73","166.62","173.89","204.22","209.95","214.23","215.94","216.84","214.86","216.84","226.51","227.15","226.51","230.66","225.47","225.47","225.07","216.87","213.38","213.38","139.73","230.66","206.58"
"20220810","201.34","173.78","165.72","158.33","139.38","163.21","173.78","204.31","212.41","214.53","217.1","217.06","214.76","217","222.09","225.58","226.36","226.61","226.61","226.86","223.64","216.21","212.9","212.94","139.38","226.86","206.94"
"20220811","205","176.04","167.18","141.03","141.03","158.46","185.36","207.89","213.2","216.62","216.92","216.89","214.8","218.36","225.05","225.05","225.05","225.05","223.33","223.23","222.76","213.51","212.8","206.93","141.03","225.05","206.27"
"20220812","192.32","173.87","163.45","157.66","139.38","162.16","172.5","205.63","213.17","215","216.2","216.19","214.96","217.03","222.49","224.68","227.21","229.54","226.55","225","225","215","213.69","213.82","139.38","229.54","206.58"
"20220813","204.2","174.94","166.32","167.63","139.14","139.14","160.57","158.29","175.92","206.01","207.16","207.19","205.63","207.09","212.52","212.52","212.78","217.38","217.72","219.09","219","215.71","211.17","203.3","139.14","219.09","196.17"
"20220814","166.78","141.25","139.74","135.48","134.26","134.26","139.02","139.74","139.74","142.33","193.15","195.11","191.2","191.29","195.02","205.93","209.58","210.88","211.03","211.03","211.33","209.97","208.54","183.89","134.26","211.33","179.37"
"20220815","164.59","165.4","139.17","134.38","134.26","139.17","140.59","170.33","206.44","209.94","209.94","209.94","207.81","209.94","210.06","209.94","217.02","218.59","219.92","221.08","221.08","217.34","218.73","206.84","134.26","221.08","195.22"
"20220816","169.25","164.31","139.8","134.84","135.01","139.46","169.25","205.83","214.15","219.28","222.89","222.89","215.97","222.73","225.12","225.12","225.12","225.12","223.6","223.65","217.21","213.41","213.85","207.9","134.84","225.12","203.59"
"20220817","174.94","163.26","139.72","135.5","134.84","139.72","165.69","205.77","213.67","213.79","213.81","213.75","213.34","217.18","218.42","218.34","218.42","218.44","218.21","218.26","213.24","210.01","214.19","204.01","134.84","218.44","199.01"
"20220818","174.89","162.84","139.85","134.89","134.84","139.47","169.42","205.24","213.74","213.87","215.95","215.95","213.12","215.95","218.44","222.12","222.37","222.37","222.36","221.71","215.96","212.95","214.13","205.99","134.84","222.37","200.65"
"20220819","174.94","141.49","139.85","134.84","134.84","139.3","163.5","202.82","215.05","215.05","214.98","214.9","210.76","214.03","217.04","217.04","218","218.04","218.05","218.05","213.56","208.69","207.6","204.05","134.84","218.05","197.47"
"20220820","205.46","171.78","164.11","159.82","139.14","139.14","142.28","166.42","183.56","205.15","206.99","207.06","206.95","207.86","208.16","213.51","213.51","211.04","215.8","215.88","215.96","216.04","206.27","203.09","139.14","216.04","194.74"
"20220821","171.86","157","140.44","139.14","139.14","134.26","138.46","139.14","144.39","144.39","163.02","185.93","180.88","178.33","186.33","188.39","203.97","207.36","209.24","209.26","209.28","209.13","186.73","182.48","134.26","209.28","174.89"
"20220822","168.05","160.84","139.72","134.84","134.84","160.62","163.12","205.73","213.75","214.85","216.61","216.59","213.07","216.59","218.1","218.94","218.94","218.94","217.45","217.45","214.84","210.07","213.75","206.18","134.84","218.94","200.19"
"20220823","192.34","172.51","168.01","139.99","139.38","164.71","173.78","205.71","212.92","215.64","217.61","217.57","213.29","217.49","224.55","224.55","226.36","226.61","226.61","226.86","217.61","213.01","213.18","213.31","139.38","226.86","205.76"
"20220824","200.41","173.72","141.04","140.24","140.28","168.34","183.82","207.4","213.02","216.86","217.41","217.37","214.84","226.76","226.51","226.51","226.51","223.45","222.55","221.66","216.86","212.75","213.42","206.94","140.24","226.76","205.61"
"20220825","173.1","165.95","139.68","139.03","134.84","139.68","169.24","204.37","213.06","213.21","213.18","213.16","210.08","213.43","217.82","217.83","217.86","217.88","216.94","216.67","213.22","208.28","207.41","204.37","134.84","217.88","198.28"
"20220826","165.14","165.26","139.49","139.21","139.15","139.49","162.29","193.15","208.39","208.38","208.37","208.36","203.43","207.45","208.57","209.61","213.3","213.92","212.2","212.21","212.35","208.53","205.92","202.56","139.15","213.92","193.74"
"20220827","166.78","141.46","139.59","139.59","139.59","139.33","141.46","139.59","139.33","134.65","139.59","142.14","142.57","172.73","176.83","194.4","203.41","215.36","215.39","215.39","215.63","204.41","191.96","176.83","134.65","215.63","169.6"
"20220828","141.22","140.4","138.8","140.4","138.94","140.4","140.4","140.4","138.94","138.94","138.94","140.4","140.4","140.47","141.03","141.03","142.38","162.93","195.58","217.46","217.35","194.9","185.25","163.88","138.8","217.46","155.78"
"20220829","164.12","140.11","139.8","134.97","135.04","139.46","141.38","193.06","208.56","209.05","208.75","208.44","208.44","208.95","210.62","213.43","214.23","214.23","214.58","214.58","210.62","207.39","206.11","204.57","134.97","214.58","193.17"
"20220830","174.38","162.28","139.61","134.84","139.27","141.14","174.38","203.42","210.75","213.23","213.55","213.48","211.05","214.07","214.07","214.06","214.06","213.48","213.39","211.05","208.03","206.44","204.42","201.23","134.84","214.07","196.52"
"20220831","166.92","165.41","139.35","139.51","139.35","139.35","159.96","193.06","209.48","209.22","209.09","208.87","208.87","212.42","214.38","214.38","214.39","212.28","212.11","212.11","208.72","207.71","205.18","193.06","139.35","214.39","194.34"
"20220901","242.17","143.49","143.49","143.49","143.49","143.49","143.49","239.27","245.13","245.12","250.68","252.71","245.1","252.71","263.14","252.4","263.23","262.93","250.32","245.11","245.12","245.13","245.07","244.8","143.49","263.23","226.82"
"20220902","241.05","222.4","219.66","219.66","219.66","222.1","222.4","242.91","243.57","244.09","252.54","253.44","244.09","254.84","270.91","257.01","257.38","264.46","247.49","244.1","244.1","242.96","242.22","237.23","219.66","270.91","243.51"
"20220903","249.41","223.37","220.14","219.29","147.85","147.86","220.75","223.37","244.92","244.98","244.97","253.93","253.65","254.26","253.56","244.95","244.95","244.92","244.92","244.92","243.18","246.54","242.74","239.23","147.85","254.26","234.57"
"20220904","150.48","144.08","144.08","143.69","143.69","143.69","143.69","143.69","140.47","245.47","245.05","245.05","245.05","242.45","242.49","242.53","242.27","242.34","242.42","242.42","242.28","242.28","242.28","164.21","140.47","245.47","204.89"
"20220905","146.06","144.84","144.84","144.84","144.84","144.84","144.84","235.81","246.54","258.54","258.54","262.78","254.82","262.78","266.02","268.24","267.76","262.74","258.54","257.67","250.21","258.54","242.73","240.51","144.84","268.24","231.37"
"20220906","236.96","221.5","221.5","221.5","221.5","221.5","221.5","239.36","243.94","262.24","243.96","262.24","243.96","253.28","255.54","270.6","270.14","262.25","266.86","253.02","243.96","240.94","239.72","239.6","221.5","270.6","245.58"
"20220907","222.64","147.09","147.38","147.09","148.34","147.09","148.34","241.05","246.97","247.62","247.53","254.24","246.94","253.29","246.94","247.45","248.51","246.95","246.95","247.65","246.97","246.88","246.54","225.82","147.09","254.24","224.12"
"20220908","248.55","220.18","220.18","216.96","216.96","220.97","223.4","241.65","247.3","247.36","254.3","254.29","247.36","254.26","253.73","247.34","250.52","244.21","244.21","247.3","244.1","244.01","240.85","240.96","216.96","254.3","241.19"
"20220909","245.51","245.3","222.41","220.92","220.92","220.92","234.17","234.15","233.88","233.74","140.66","140.58","140.58","140.58","140.58","278.64","244.02","246.44","246.54","246.64","243.91","243.91","243.92","190.2","140.58","278.64","219.35"
"20220910","146.32","127.78","127.78","127.78","127.78","127.78","127.78","127.78","127.78","108.91","108.91","8.05","106.77","108.91","120.58","127.78","146.32","155.04","199.47","197.06","155.29","155.29","155.04","155.29","8.05","199.47","135.04"
"20220911","143.81","143.51","132.1","131.73","131.78","132.58","153.46","153.46","143.91","142.55","129.53","129.53","143.34","143.89","144","148.6","225.94","244.91","244.92","244.98","244.92","244.92","244.92","166.64","129.53","244.98","175.42"
"20220912","146.45","140.53","138.57","138.57","138.57","138.57","140.43","143.18","223.7","243.3","246.66","250.51","250.51","250.51","250.51","250.51","250.3","250.25","250.54","250.54","250.4","250.17","216.46","243.05","138.57","250.54","214.25"
"20220913","146.83","146.83","146.83","146.83","146.83","146.83","146.83","245.12","245.09","247.41","263.97","245.06","245.06","245.06","272.01","269.74","258.76","258.66","259.86","263.97","245.09","244.7","236.85","238.91","146.83","272.01","227.92"
"20220914","242.31","196.46","196.46","196.64","196.75","196.77","196.77","236.77","243.52","261.78","261.77","255.19","252.7","263.87","268.89","266.82","267.43","254.1","254.1","261.77","261.77","242.82","242.82","242.82","196.46","268.89","242.53"
"20220915","242.21","196.46","194.03","193.24","193.24","194.03","196.46","237.02","243.46","262.73","262.73","252.89","248.53","248.32","253.73","255.89","263.56","263.81","265.84","265.84","265.79","262.64","242.59","241.67","193.24","265.84","242.31"
"20220916","242.49","237.98","237.7","229.23","229.23","238.01","237.51","240.12","251.13","265.13","265.13","265.02","250.45","265.02","265.02","265.02","268.02","268.4","267.72","265.13","265.13","247.59","244.26","244.41","229.23","268.4","253.75"
"20220917","239.94","238.59","238.59","240.97","240.97","240.97","240.82","241.06","240.76","252.26","251.8","253.21","253.21","253.21","269.62","272.31","253.21","251.8","253.21","253.21","253.21","240.76","240.71","240.71","238.59","272.31","248.59"
"20220918","250.03","216.25","142.44","142.44","142.44","142.44","142.44","142.44","195.15","239.8","240.24","247.44","247.44","275.47","247.43","247.43","247.44","247.44","247.44","247.45","247.46","247.46","239.28","237.97","142.44","275.47","220.65"
"20220919","196.77","196.77","194.03","194.03","194.03","196.77","196.77","241.21","250.62","272.48","272.48","272.48","274.1","272.48","272.48","272.48","272.48","260.27","256.92","256.7","247.55","247.44","246.07","246.07","194.03","274.1","246.33"
"20220920","269.07","240.73","194.03","194.03","194.03","240.8","240.82","240.95","253.72","255.11","255.11","257.91","255.11","257.91","267.25","256.51","257.91","256.51","257.91","255.11","248.01","253.73","241.15","240.78","194.03","269.07","246.39"
"20220921","245.12","237.84","237.59","237.57","237.6","245.14","237.77","238.32","258.97","259.1","259.06","259.09","255.43","259.17","261.82","270.1","261.84","257.29","258.96","265.16","258.97","247.77","247.74","237.85","237.57","270.1","252.25"
"20220922","245.47","239.38","196.77","196.77","196.77","238.16","235.15","241.2","249.03","253.23","253.23","254.95","253.14","253.23","263.2","263.98","263.3","253.44","252.54","263.86","250.78","242.69","241.22","239.4","196.77","263.98","244.92"
"20220923","250.37","237.27","196.46","195.36","194.03","238.34","239.1","240.75","240.75","251.02","252.4","253.46","251.48","254.93","266.62","268.25","266.77","266.67","266.67","244.59","240.77","240.43","240.66","239.13","194.03","268.25","244.77"
"20220924","241.71","239.59","239.48","239.4","239.42","239.45","239.78","245.26","248.24","248.26","248.26","248.25","245.33","248.26","248.25","248.26","248.2","248.18","248.18","248.21","246.88","239.8","239.76","239.59","239.4","248.26","244.44"
"20220925","242.39","240.62","240.49","240.64","240.54","240.65","240.65","241.74","242.57","242.52","241.97","242.32","247.12","247.18","247.18","247.12","247.12","247.13","267.34","267.34","247.11","242.39","240.46","194.35","194.35","267.34","243.49"
"20220926","242.12","242.22","194.03","187.1","189.97","193.24","193.58","240.23","246.86","266.67","266.67","256.76","255.22","256.05","270.08","255.36","256.76","255.36","253.95","246.86","247.74","246.86","242.34","242.03","187.1","270.08","242.04"
"20220927","258.32","153.75","153.75","152.72","152.68","152.6","235.53","237.52","244.48","244.47","247.62","244.44","244.44","258.26","270.81","266.61","272.62","258.55","257.46","256.94","248.11","244.48","244.48","244.01","152.6","272.62","234.22"
"20220928","196.77","196.77","194.03","193.24","194.03","196.77","196.77","238.11","243.06","253.95","254.92","269.79","254.51","258.99","270.89","255.56","259.06","254.7","254.85","251.5","251.48","247.8","240.49","240.22","193.24","270.89","239.24"
"20220929","268.94","193.96","185.63","153.79","190.02","194.03","235.54","249.97","252.76","257.87","253.41","253.41","251.36","272.81","255.57","254.17","266.62","258.17","258.31","254.17","252.76","249.71","241.34","241.34","153.79","272.81","241.61"
"20220930","248.73","190.02","151.34","151.34","151.34","151.34","190.02","249.65","243.69","251.5","253.22","273.34","251.18","269.19","254.63","268.03","256.03","254.63","254.56","253.38","252.69","243.7","243.7","243.55","151.34","273.34","234.67"
"20221001","258.53","166.71","166.71","166.71","166.71","199.82","207.11","210.03","260.14","267.7","267.57","267.67","260.15","267.65","267.63","285","266.98","262.4","267.03","267.04","262.6","251.09","249.72","249.68","166.71","285","241.19"
"20221002","167.03","167.03","167.03","167.03","167.03","167.03","167.03","167.03","218.32","261.64","261.64","261.61","261.61","261.61","261.61","261.61","261.61","261.31","261.35","261.35","261.35","240.08","204.07","166.95","166.95","261.64","222.52"
"20221003","167.79","167.72","166.96","166.02","166.37","166.95","167.79","167.79","251.68","252.59","258.84","258.6","253.02","252.35","258.83","258.83","263.41","272.5","276.44","276.5","264.52","258.84","258.8","258.84","166.02","276.5","234.06"
"20221004","252.92","249.07","206.4","206.4","206.4","206.4","252.92","256.38","280.94","280.94","280.94","277.88","258.29","267.34","277.88","280.15","283.23","283.23","283.59","282.53","280.94","278.26","257.21","270.41","206.4","283.59","263.35"
"20221005","251.54","206.4","166.37","166.37","166.38","203.14","206.4","248.72","279.19","279.49","279.5","279.5","267.41","283.05","283.93","283.05","283.05","283.06","279.5","283.09","258.24","258.25","258.03","252.51","166.37","283.93","253.6"
"20221006","255.05","254.93","254.96","211.34","211.34","255.09","255.09","266.35","282.35","282.35","282.35","282.33","260.34","282.33","282.33","282.33","282.33","282.33","282.35","282.35","270.41","258.31","257.98","255.05","211.34","282.35","267.01"
"20221007","255.32","255.33","199.93","200.6","200.17","255.35","255.37","258.53","279.58","279.71","279.88","270.21","258.33","258.5","261.29","282.31","283.95","283.96","283.98","283.99","283.45","279.97","258.47","255.77","199.93","283.99","262.86"
"20221008","260.65","203.84","207.53","203.84","203.84","203.84","207.53","208.54","224.24","255.55","254.71","253.69","252.86","252.66","252.24","257.66","248.48","262.63","263.5","264.69","263.52","263.55","263.55","263.45","203.84","264.69","242.26"
"20221009","167.01","167.01","166.85","166.52","166.45","166.49","166.43","167.01","166.94","166.94","248.39","248.38","216.87","210.51","209.75","207.59","207.59","202.03","263.98","263.86","263.86","263.86","263.88","263.88","166.43","263.98","210.43"
"20221010","213.08","167.86","139.57","139.57","139.57","139.57","169.56","200.61","258.63","258.61","258.59","259.76","258.95","258.47","258.55","258.55","258.59","259.89","272.15","262.79","259.06","276.5","276.5","258.65","139.57","276.5","233.66"
"20221011","252.2","252.3","252.3","206.81","206.81","252.22","217.25","259.55","275.63","280.64","280.64","284.35","284.35","284.39","280.6","280.6","284.42","280.6","280.64","280.64","280.64","275.63","269.31","255.56","206.81","284.42","266.92"
"20221012","248.23","250.9","191.55","191.55","191.55","229.08","231.12","257.47","281.96","282.09","259.6","259.6","257.64","257.91","279.84","279.84","264.71","279.85","279.85","279.85","279.86","279.84","257.93","257.54","191.55","282.09","257.4"
"20221013","253.8","253.8","239.45","235.26","235.26","253.81","275.85","275.87","280.84","281.13","280.71","281.04","257.02","273.12","280.66","280.66","280.67","280.68","280.69","280.7","280.72","275.86","255.98","255.98","235.26","281.13","268.98"
"20221014","261.53","206.59","206.78","151.94","151.94","255.5","261.59","257.7","278.94","285.05","287.49","259.35","257.47","259.32","276.66","283.11","283.12","283.13","283.15","283.16","283.16","257.69","257.69","264.25","151.94","287.49","258.05"
"20221015","254.63","253.46","200.15","198.18","201.78","253.52","253.55","253.55","260.22","260.2","260.2","260.18","256.63","260.19","260.19","260.19","254.77","256.39","265.19","265.19","259.08","262.7","256.39","256.34","198.18","265.19","251.21"
"20221016","240.05","212.35","147.02","142.21","142.78","142.21","139.46","212.19","224.93","262.88","262.7","262.52","261.13","263.19","262.35","262.35","249.61","260.92","260.97","261","284.06","262.67","156.42","156.42","139.46","284.06","223.79"
"20221017","239.89","140.17","140.17","140.17","140.17","140.17","149.55","262.63","276.68","277.4","281.37","277.46","277.46","277.46","277.46","277.46","277.46","276.9","289.59","277.23","276.68","276.68","263.83","263.83","140.17","289.59","247.41"
"20221018","284.44","252.26","251.6","214.63","214.63","252.55","252.75","279.75","279.72","288.4","272.5","258.38","268.63","273.85","281.28","286.9","279.9","272.85","277.17","273.85","267.45","258.38","255.03","252.73","214.63","288.4","265.42"
"20221019","262.41","253.31","236.73","236.73","236.73","253.32","253.32","293.5","293.5","287.13","272.14","265.59","254.54","256.65","264.48","271.47","280.82","280.82","281.7","275.51","275.36","275.36","256.53","254.59","236.73","293.5","266.55"
"20221020","262.57","254.33","206.81","206.81","244.04","253.37","254.72","293.5","359.5","289.35","274.49","258.94","254.65","258.94","265.08","274.45","277.57","290.04","278.64","277.61","273.94","277.59","254.71","254.71","206.81","359.5","267.88"
"20221021","262.03","254.34","213.83","213.49","213.99","254.37","254.4","276.35","287.79","277.36","277.15","277.3","271.08","277.3","288.98","277.59","277.71","276.27","276.33","276.33","261.02","274.77","255.95","263.87","213.49","288.98","265.42"
"20221022","255.53","254.73","254.71","254.71","254.73","254.73","256.76","254.74","255.23","255.6","293.61","256.64","250.88","256.59","261.18","262.6","257.17","257.23","282.96","262.7","257.47","257.18","262.76","254.61","250.88","293.61","259.44"
"20221023","260.46","211.2","211.2","211.38","207.29","211.9","211.73","214.81","254.57","254.57","253.95","242.32","242.32","252.29","251.87","251.87","207.59","261.79","262.02","264.49","261.93","261.94","261.96","213.08","207.29","264.49","239.72"
"20221024","211.65","141","139.55","139.55","139.55","211.65","224.42","281.28","287.79","290.24","280.98","278.14","258.98","258.98","258.98","259.04","283.95","283.95","287.7","265.76","259.01","259.01","258.62","251.51","139.55","290.24","247.07"
"20221025","211.93","211.93","207.49","203.14","201.48","212.39","231.12","278.83","278.82","279.65","264.19","257.56","255.8","255.8","263.66","274.58","277.31","283.84","294.18","291.41","257.56","257.56","255.85","255.85","201.48","294.18","254.78"
"20221026","253.95","253.97","212.97","212.97","253.65","253.99","263.02","274.61","293.5","280.44","275.14","277.4","255.46","258.05","263.64","258.11","277.07","285.25","285.26","277.09","277.09","277.05","259.7","259.7","212.97","293.5","265.26"
"20221027","274.77","254.58","212.83","211.79","213.12","261.56","275.72","275.77","275.82","276.36","276.35","274.77","274.23","274.36","260.33","260.33","276.32","276.83","283.94","287.79","276.33","274.24","262.33","269.31","211.79","287.79","266.21"
"20221028","212.83","212.83","212.83","140.28","212.97","212.97","248.74","258.15","284.58","270.61","262.6","262.3","260.76","261.72","287.79","283.71","279.31","279.23","276.39","258.32","279.24","258.14","258.17","257.53","140.28","287.79","253.3"
"20221029","260.49","212.82","212.97","207.63","212.97","212.97","212.67","212.53","254.91","255.69","255.58","255.56","208.04","254.77","255.49","255.69","253.39","254.62","261.22","261.22","261.22","254.85","261.2","253.63","207.63","261.22","242.14"
"20221030","258.3","232.6","213.1","207.75","213.25","213.25","213.1","212.8","212.65","213.76","204.7","211.14","211.14","210.51","208","207.59","210.51","257.69","283.37","258.12","258.16","257.8","258.28","257.04","204.7","283.37","229.75"
"20221031","211.19","140.44","140.37","140.37","140.37","211.64","211.64","261.54","267.61","288.63","268.56","268.52","261.65","261.65","268.52","279.94","279.94","282.75","282.65","282.65","258.09","254.67","254.67","254.67","140.37","288.63","245.31"
"20221101","247.44","247.07","206.6","206.6","206.6","247.98","247.01","255.38","250.98","265.52","266.06","265.06","263.72","264.5","277.02","250.97","281.79","281.81","265.06","265.06","250.97","250.93","250.12","247.7","206.6","281.81","253.9"
"20221102","255.31","207.33","207.33","202.55","207.62","247.43","247.44","256.13","272.88","284.16","265.31","255.72","255.44","265.56","267.22","277.01","277.01","276.9","277.03","277.04","250.44","250.41","249.22","249.22","202.55","284.16","255.02"
"20221103","256.94","247.24","229.17","229.17","229.69","247.24","247.91","252.16","276.27","276.84","272.61","257.06","247.64","252.14","267.47","279.06","279.07","281.89","282.08","252.21","252.19","249.88","249.96","266.37","229.17","282.08","258.66"
"20221104","256.97","228.07","202.74","204.8","228.07","247.38","247.4","255.31","264.11","270.93","265.13","251.32","251.32","251.32","263.7","274.82","278.42","278.44","278.44","274.82","251.33","249.3","248.16","248.15","202.74","278.44","254.25"
"20221105","254.34","248.33","248.37","199.04","202.64","205.61","248.41","248.37","269.81","248.58","254.47","248.61","204.94","207.52","204.25","203.87","204.25","250.02","269.81","269.81","269.81","269.81","248.39","248.39","199.04","269.81","239.51"
"20221106","147.09","139.6","139.6","138.55","173.17","173.17","173.17","173.17","140.69","205.6","203.11","138.55","138.55","140.69","140.45","140.69","201.43","245.41","255.39","249.02","249.02","245.41","205.4","194.99","138.55","255.39","184.06"
"20221107","246.36","196.69","141.56","141.56","196.69","207.33","210.77","246.36","257.61","270.93","254.59","254.53","250.05","254.5","249.93","250.05","262.39","281.62","282.22","266.13","254.56","254.52","250.87","250.08","141.56","282.22","242.38"
"20221108","246.36","246.36","198.36","180.23","201.95","246.36","246.36","251.83","270.93","270.93","265.03","264.34","255.82","257.11","264.16","270.93","270.93","270.93","263.55","251.8","248.76","250.22","247.45","247.45","180.23","270.93","250.96"
"20221109","249.65","246.36","211.32","211.32","198.36","246.36","246.36","251.96","270.93","279.25","260.74","260.74","255.13","260.73","275.5","274.92","281.87","281.95","280.98","260.43","251.98","251.98","249.82","246.65","198.36","281.95","255.81"
"20221110","250.88","246.36","230.63","230.63","230.63","246.19","248.98","251.43","251.48","274.38","274.42","274.93","260.87","274.52","280.83","274.32","274.34","269.44","269.44","259.32","251.41","250.88","249.09","250.88","230.63","280.83","258.26"
"20221111","246.36","226.01","197.4","194.71","196.52","246.36","246.36","250.69","253.65","270.93","271.69","271.68","271.43","271.67","280.32","280.31","280.33","263.88","258.15","257.49","250.67","250.67","250.47","250.88","194.71","280.33","253.39"
"20221112","246.81","245.34","245.34","195.99","145.4","199.04","145.4","244.48","249.16","249.14","249.3","249.72","249.67","256.53","269.81","249.81","249.48","249.14","256.47","249.48","249.14","249.14","249.14","247.66","145.4","269.81","238.16"
"20221113","251.94","237.71","147.56","147.56","147.56","147.56","148.94","173.17","141.63","141.63","141.63","141.63","141.63","162.85","162.64","162.35","206.72","214.07","245.41","203.11","179.81","201.91","173.17","173.17","141.63","251.94","175.96"
"20221114","158.58","160.35","142.1","143.57","156.03","162.53","189.38","247.34","252.52","281.85","270.93","265.32","250.05","252.46","252.43","252.47","282.29","282.29","265.34","257.64","252.46","252.43","250.08","250.88","142.1","282.29","235.3"
"20221115","250.88","256.03","222.72","191.53","223.02","246.68","251.2","251.41","275.7","275.69","276.26","262.15","251.37","262.16","262.67","279.61","279.62","279.62","262.41","257.58","251.43","251.38","250.88","250.88","191.53","279.62","256.29"
"20221116","250.88","255.43","211.32","211.32","211.32","247.36","247.47","251.52","270.93","281.52","281.51","263.23","251.47","263.37","263.37","279.64","279.65","279.66","263.01","251.54","251.52","250.88","248.74","248.74","211.32","281.52","255.92"
"20221117","250.88","245.9","230.24","229.22","230.24","246.62","250.88","250.88","266.41","281.4","281.4","265.86","256.51","264.81","278.96","278.96","281.79","281.71","269.39","266.04","265.35","250.88","249.01","250.88","229.22","281.79","260.4"
"20221118","255.49","246.36","244.11","233.82","240.93","246.36","250.88","277.94","280.43","280.43","257.15","256.87","256.72","256.51","257.4","277.49","277.5","277.5","277.51","267.25","257.64","257.64","248.63","248.67","233.82","280.43","260.49"
"20221119","250.25","251.83","249.13","249.11","249.15","249.15","249.16","250.73","250.97","250.87","257.67","257.66","257.66","257.68","257.66","250.92","250.52","248.9","250.1","249.65","249.01","249.02","249.04","249.04","248.9","257.68","251.41"
"20221120","160.24","148.66","148.66","142.99","148.47","148.66","150.05","160.86","141.59","141.28","162.2","207.45","207.3","161.12","161.12","161.12","245.41","269.89","282.33","245.41","245.41","161.08","160.1","160.31","141.28","282.33","181.53"
"20221121","250.52","156.03","155.82","142.86","157.18","160.39","246.36","256.74","261.85","270.93","270.93","270.93","256.52","256.52","256.52","256.74","282.92","282.92","270.93","267.28","251.84","251.84","250.88","250.88","142.86","282.92","243.34"
"20221122","255.72","247.43","211.32","211.32","211.32","251.84","247.08","251.84","270.93","270.93","270.93","266.05","256.09","270.93","270.93","270.93","279.44","278.17","278.47","267.03","263.7","251.84","250.88","248.02","211.32","279.44","257.99"
"20221123","250.15","247.08","211.32","211.32","211.32","211.32","249.01","250.88","264.52","279.22","270.93","264.52","256.69","264.65","270.93","270.93","270.93","264.52","270.93","257.2","251.02","252.62","248.48","248.08","211.32","279.22","253.67"
"20221124","251.84","249.12","232.04","232.12","230.69","232.2","249.17","262.28","271.01","270.93","269.8","251.97","248.6","251.92","251.97","253.61","270.93","269.5","258.06","251.98","250.38","250.88","249.06","249.1","230.69","271.01","253.23"
"20221125","246.36","231.1","186.66","186.66","231.1","186.66","247.32","252.9","270.93","270.93","270.93","268.12","258.33","258.19","270.93","280.03","270.93","252.95","256.02","251.82","251.76","251.53","247.38","251.39","186.66","280.03","249.7"
"20221126","249.77","188.82","188.13","188.14","188.14","188.77","245.34","256.59","256.59","214.96","160.75","160.75","139.04","160.75","160.82","256.68","162.99","256.76","258.89","253.56","242.02","245.34","187.19","194.53","139.04","258.89","210.05"
"20221127","245.41","160.09","140.82","136.71","139.59","146.01","161.82","161.82","163.94","161.68","245.41","161.26","161.12","251.8","251.77","251.92","244.42","269.89","269.89","251.81","251.77","251.72","163.29","163.29","136.71","269.89","201.95"
"20221128","141.07","142.92","142.92","142.92","142.92","142.92","162.6","256.74","271.79","270.93","252.09","252.04","251.76","252.04","270.93","255.2","260.71","260.71","255.26","255.21","252.09","252.09","251.64","251.87","141.07","271.79","229.96"
"20221129","238.72","246.34","194.39","194.75","195.35","231.1","219.09","251.55","278.46","278.36","271.9","271.88","250.49","271.88","271.89","271.88","275.54","271.91","251.61","250.88","250.88","246.58","246.51","250.88","194.39","278.46","251.69"
"20221130","235.2","205.48","205.58","205.68","205.68","205.78","205.78","248.67","270.93","270.93","263.47","254.28","254.13","263.27","263.29","263.27","274","273.15","266.59","264.93","263.54","263.58","247.83","263.42","205.48","274","249.95"
"20221201","280.56","260.15","258.72","251","251","251","260.16","275.51","283.98","283.39","283.39","276.21","274.7","283.38","283.38","295.33","299.12","295.39","289.31","283.39","276.39","276.45","260.11","276.57","251","299.12","276.61"
"20221202","260.46","260.46","258.13","258.13","258.13","260.46","260.47","281.3","284.88","284.73","284.73","277.09","269.55","284.66","284.98","299.41","300.91","299.41","284.73","279.98","279.99","260.41","260.41","276.13","258.13","300.91","276.47"
"20221203","277.12","256.45","250.28","249.58","249.58","256.43","256.43","264.74","265.41","264.76","269.45","282.63","282.47","282.47","277.99","264.85","265.34","264.74","264.85","264.72","264.73","264.74","264.75","264.76","249.58","282.63","265.56"
"20221204","251.1","241.21","175.87","175.87","175.87","232.55","243.65","245.21","214.9","167.47","166.64","166.22","165.39","165.39","233","233","249.58","257.75","259.48","259.84","280.14","280.14","280.14","280.14","165.39","280.14","227.43"
"20221205","243.25","173.27","173.27","173.27","173.27","173.27","235.95","263.21","278.16","279.19","277.22","280.59","277.66","279.19","279.19","280.59","281.64","281.32","279.19","276.15","276.15","268.81","264.96","274.38","173.27","281.64","256.63"
"20221206","270.21","261.36","259.37","259.37","259.37","261.35","274.63","275.13","294.83","294.17","289.4","274.28","260.15","273.64","277.31","290","297.09","290","277.39","275.39","275.34","261.43","261.28","261.69","259.37","297.09","274.89"
"20221207","273.85","259.55","259.24","258.53","258.52","260.25","260.3","281.45","294.59","287.67","287.67","287.64","263.99","274.71","287.66","287.66","299.21","289.85","287.67","275.53","274.67","260.6","260.25","268.96","258.52","299.21","275.97"
"20221208","270.14","260.35","260.2","260.15","260.37","260.4","275.48","275.4","296.73","284.99","283.77","283.73","270.04","276.83","283.77","285.66","285.2","284.41","283.77","275.87","267.41","260.76","260.76","260.76","260.15","296.73","274.43"
"20221209","267.91","259.67","253.1","253.1","253.1","259.73","259.73","276.92","292.6","293.29","289.41","283.95","272.38","275.15","283.92","288.88","294.09","291.8","288.88","276.74","276.74","276.74","276.74","276.74","253.1","294.09","276.99"
"20221210","267.27","260.57","252.32","249.24","170.33","249.24","250.83","267.39","267.39","267.39","282.65","274.02","264.04","266.94","267.5","267.29","267.31","267.33","271.39","267.35","267.36","267.18","267.19","267.39","170.33","282.65","261.45"
"20221211","251.09","170.25","163.77","163.77","167.67","170.81","170.81","170.81","214.54","170.38","244.53","168.3","159.05","167.05","233","238.76","238.76","274.76","274.78","274.81","274.38","272.78","272.92","272.94","159.05","274.81","218.36"
"20221212","172.01","172.01","172.01","171.89","172.01","172.01","172.01","270.13","290.35","290.35","282.18","279.39","260.31","265.84","279.39","282.93","284.89","284.89","284.76","284.76","276.16","260.48","266.44","267.53","171.89","290.35","252.04"
"20221213","267.76","265.46","252.45","252.45","252.45","252.45","261.72","276.75","290.97","284.46","285.31","282.36","274.68","282.36","284.94","294.03","294.3","284.62","282.36","276.9","268.53","267.38","261.8","266.17","252.45","294.3","274.74"
"20221214","265.28","257.51","251.39","251.43","251.43","257.16","258.19","277.56","309.32","309.26","286.58","277.5","264.35","271.95","276.94","283.56","300","285.49","280.02","277.46","277.46","274.06","271.62","271.9","251.39","309.32","275.79"
"20221215","274.69","272.54","258.91","258.86","258.9","258.91","272.65","272.57","294.22","294.15","285.05","285.04","275.48","285.02","296.57","296.57","309.01","285.02","281.74","276.83","275.48","272.97","272.97","277.04","258.86","309.01","279.94"
"20221216","278.05","270.76","257.66","257.66","257.66","257.79","257.79","278.05","306.54","306.6","306.45","306.33","282.2","283.22","283.18","295.31","306.27","306.33","283.18","276.27","279.01","274.19","259.27","274.19","257.66","306.6","282.65"
"20221217","267.07","261.25","249.78","234.79","234.79","248.26","248.26","263.66","264.28","263.65","289.39","299.09","278.28","278.28","274.17","263.88","266.61","264.29","263.69","263.63","263.64","263.66","251.29","263.66","234.79","299.09","263.76"
"20221218","258.7","247.25","173.62","173.19","173.19","173.19","247.25","247.25","248.19","258.44","258.85","258.84","258.84","258.84","258.8","258.87","268.47","262.08","262.11","262.08","262.08","262.06","262","262.08","173.19","268.47","244.53"
"20221219","168.75","168.75","168.75","168.75","168.75","168.75","232.25","272.84","286.21","286.14","286.12","286.13","274.42","286.13","286.11","286.13","294.88","286.13","278.53","274.85","274.85","268.88","259.81","278.97","168.75","294.88","256.52"
"20221220","269.15","265.72","252.61","252.61","252.61","252.61","259.86","279.41","296.56","297.29","309.61","296.24","279.81","284.89","284.68","285.26","288.8","285.26","279.83","278.48","278.53","262.49","262.49","266.34","252.61","309.61","277.35"
"20221221","281","262.29","257.74","257.32","257.35","257.5","258.54","270.22","287.88","294.24","288.05","289.28","283.18","289.08","289.35","294.3","288.44","285.98","282.18","274.38","270.52","259.96","259.97","264.01","257.32","294.3","276.6"
"20221222","278.27","256.72","251.07","251.15","251.15","251.19","268.45","274.83","287.25","293.26","300.38","303.33","297.72","303.02","302.22","295.78","295.78","295.78","280.63","276.84","274.87","274.83","259.21","273.97","251.07","303.33","280.97"
"20221223","267.17","256.73","250.91","250.91","250.91","276.02","274.74","276.02","293.47","307.87","308.18","307.97","279.2","283.3","283.02","283.02","294.3","294.1","282.76","281.83","272.69","262.14","259.18","272.38","250.91","308.18","279.42"
"20221224","262.93","262.34","257.24","257.08","247.84","249.7","285.3","289.74","286.13","266.6","266.58","266.6","266.65","266.53","266.51","266.5","266.51","267.2","266.97","266.54","266.54","266.54","258.27","266.56","247.84","289.74","266.33"
"20221225","259.55","258.35","258.06","214.4","218.21","248.71","258.35","258.35","258.35","258.79","259.87","260.86","259.37","259","258.92","258.1","259.01","263.52","263.56","263.52","263.52","263.52","263.48","263.52","214.4","263.56","256.5"
"20221226","257.79","246.74","179.99","179.99","217.57","217.57","218.04","282.91","301.63","301.58","299.49","283.53","283.31","283.41","283.41","283.41","296.16","283.41","282.14","282.15","273.49","273.49","263.8","292.47","179.99","301.63","269.25"
"20221227","281.54","258.71","249.92","249.92","249.92","259.21","259.27","274.89","294.3","291.76","287.03","286.79","281.04","284.75","286.78","286.78","294.3","286.79","278.47","275.46","275.47","275.37","259.61","260.51","249.92","294.3","275.74"
"20221228","266.62","258.03","258.03","258.01","258.01","258.01","258.05","273.99","294.3","284.84","294.3","290.53","278.61","278.42","284.22","284.22","294.3","284.43","280.12","278.14","281.87","266.37","266.37","273.84","258.01","294.3","276.34"
"20221229","271.07","270.88","257.81","257.79","257.8","257.81","273.33","281.54","286.82","285.07","285.17","285.13","281.53","284.77","284.77","284.84","291.36","284.86","284.57","277.49","273.9","271.83","270.87","271.89","257.79","291.36","277.34"
"20221230","272.84","259.56","249.85","249.85","249.85","259.58","272.6","275.12","286.15","286.2","286.13","286.13","278.26","281.48","286.13","286.13","286.18","286.13","281.52","271.26","275.08","260.45","259.6","259.66","249.85","286.2","273.82"
"20221231","252.77","175.94","175.94","175.94","173.47","175.11","217.67","175.11","267.5","274.63","279.25","273.88","262.56","261.67","251.67","268.79","268.17","273.66","297.73","267.53","266.86","236.09","217.14","217.14","173.47","297.73","237.64"
